col_item,lift,l1_dist,sparsity,mean_rel_delta,max_rel_delta,n_queries,segment
100974271034,0.026686100726495725,2.682052934529915,0.946276,0.04745732905982906,0.12827034363247863,234,Structural shift
AU3CB0258465,0.005098477435897436,10.558629372564102,1.0,0.007808217393162393,0.021025290427350428,234,Structural shift
BE0974271034,0.029538898601694914,2.4573591526271183,0.9352300889830508,0.044773768601694915,0.1316847756779661,236,Structural shift
BE0974293251,0.01278061826446281,30.080567217479338,0.9917355454545455,0.03095858987603306,0.0953401591322314,242,Structural shift
BE0974303357,0.030032498927038628,1.1255062375965665,0.9529941201716738,0.0457424352360515,0.13939597484978541,233,Structural shift
BMG375851091,0.045666215672514616,3.332023635672514,1.0,0.05401026590643276,0.15781343152046784,171,Structural shift
CA580135CD12,0.0033694596103896104,10.889183584199133,1.0,0.007514522900432901,0.02125956341991342,231,Structural shift
CH0198251305,0.015345738663366335,14.305364851485148,0.9804337772277227,0.02944155297029703,0.0902362300990099,202,Structural shift
DE0001102325,0.0001739871074380165,2.426058416528926,1.0,0.001059653305785124,0.0028186899173553723,121,Structural shift
DE0001102457,0.001423701171875,6.821516478242187,1.0,0.00303214796875,0.0088718943359375,256,Structural shift
DE0002635307,0.006770188847736626,14.687106172839506,0.994904962962963,0.019720555679012344,0.059553868765432096,243,Structural shift
DE0005552004,0.011114891652173912,18.10361681169565,0.9875776521739131,0.0254741097826087,0.06943212182608696,230,Structural shift
DE0005557508,0.012044967304347827,6.25044347826087,0.9784679304347826,0.021542940956521737,0.06144084939130435,230,Structural shift
DE0005933931,0.007961143536585365,50.82209268292683,0.9918699268292682,0.024326805772357726,0.06630456227642276,246,Structural shift
DE0005933949,0.0068641594915254235,10.43990593237288,0.9860774957627119,0.0174436881779661,0.050042997330508474,236,Structural shift
DE0005933956,0.007219580321100917,14.879327064220183,0.9807776513761468,0.022037670688073396,0.06354180779816514,218,Structural shift
DE0006047004,0.015064901316872428,34.602522908148146,0.9837350740740741,0.03264769971193416,0.09216528633744857,243,Structural shift
DE0006599905,0.007488949449152542,60.0316995763983,0.9812348855932204,0.024848158474576273,0.06517806788135592,236,Structural shift
DE0007100000,0.016851621023255815,31.545922257488375,0.9951273581395349,0.033400670790697674,0.09115370246511627,215,Structural shift
DE0007164600,0.008691863401639344,63.31651967213114,0.9916081270491803,0.02658195004098361,0.08623794586065574,244,Structural shift
DE0008404005,0.011094436754385964,114.02021580421052,0.9903926578947368,0.03082362557017544,0.08638729241228071,228,Structural shift
DE000A0DEN75,0.009358996219512195,21.019915488292682,1.0,0.01273488093495935,0.0410984469105691,246,Structural shift
DE000A0H0728,0.010751126791666668,5.2590611362083335,0.9886904875,0.01648033475,0.046061822875000005,240,Structural shift
DE000A0H08Q4,0.012169631394422311,25.884084462270916,0.9859609322709163,0.02428792860557769,0.07167478139442231,251,Structural shift
DE000A0H08R2,0.005649211674008811,6.958596819427313,0.9926578634361234,0.017780742202643172,0.05159624726872247,227,Structural shift
DE000BASF111,0.010482123983402489,34.50209735838175,0.9907133070539419,0.031097265933609956,0.08699380406639004,241,Structural shift
DE000BAY0017,0.009263394938271604,38.47282879683128,0.9907897407407408,0.0325089441563786,0.09422191222222222,243,Structural shift
ES00000121G2,0.0006726610762331839,3.4166467340358744,1.0,0.0013817818385650222,0.003988296502242152,223,Structural shift
ES0000012A89,0.0014182133333333334,7.825478049246032,1.0,0.0034346431349206352,0.009293022817460318,252,Structural shift
ES0000012F43,0.001248045828220859,7.995872021349693,1.0,0.003655655582822086,0.009259833496932515,163,Structural shift
ES0000012G00,0.002713285909090909,15.408853254545454,1.0,0.007112040454545454,0.020839535,44,Structural shift
ES0113900J37,0.03411218799065421,2.0000024610280374,0.9953271074766356,0.04306165714953271,0.13892809920560747,214,Structural shift
ES0144580Y14,0.007854327768595041,4.764404573099174,0.9704840909090908,0.02197283578512397,0.06245676921487603,242,Structural shift
ES0173516115,0.07858512415525114,6.706754520547945,0.9923896575342466,0.04210333260273973,0.1258702398173516,219,Structural shift
ES0178430E18,0.01889125601731602,3.0546516593939392,0.9866007142857143,0.03778877774891775,0.11976060922077922,231,Structural shift
EU000A1G0D39,0.00030726939130434785,1.5195127659130434,1.0,0.0007099994347826088,0.0020383261739130437,230,Structural shift
EU000A1U9985,0.00044918493775933605,1.0113704471369294,1.0,0.000476502489626556,0.0012760647302904565,241,Structural shift
FI0009000681,0.018515802995594716,2.404462408105727,0.992028537444934,0.034176843524229075,0.1149782403524229,227,Structural shift
FI0009003305,0.0074316053211009175,18.479689296376147,0.9849279311926605,0.02714665288990826,0.08326188981651376,218,Structural shift
FR0000120271,0.013744491862745099,21.273176418284315,0.9967320294117648,0.030818562647058824,0.09937125274509803,204,Structural shift
FR0000120578,0.008727646747967478,33.09274959349593,0.9907084878048781,0.018720775040650405,0.05450098703252032,246,Structural shift
FR0000120628,0.020710123679245282,12.261389874198112,0.992587608490566,0.03338089405660377,0.10737550764150942,212,Structural shift
FR0000121014,0.009324500450819673,249.69071672118852,0.9869242909836066,0.028425930655737706,0.07283510991803278,244,Structural shift
FR0000125007,0.013021196160714286,20.112864285714288,0.9857568169642857,0.028930100491071427,0.08718653357142857,224,Structural shift
FR0000125486,0.015030295573122531,56.31371225296442,0.9860719130434782,0.034581777470355735,0.10774840533596838,253,Structural shift
FR0000131104,0.020940618198198195,29.56776126126126,0.997426,0.038600260630630635,0.1157333545945946,222,Structural shift
FR0000131906,0.03069721693877551,23.61041697012245,0.9959183714285714,0.04646092285714286,0.13858822281632655,245,Structural shift
FR0000133308,0.01495095872246696,4.81773685753304,0.9842668502202643,0.022186626916299558,0.06911248246696035,227,Structural shift
FR0007054358,0.006223940044843049,12.812210463273543,0.9874012511210762,0.01963372739910314,0.06295808152466367,223,Structural shift
FR0010315770,0.006241678685258964,81.35635771605578,0.9927907490039841,0.020121717888446217,0.05192935254980079,251,Structural shift
FR0010510800,0.00010065329411764707,0.1577075294117647,0.9151261352941176,7.202041176470587e-05,0.00022135235294117647,170,Structural shift
FR0013176526,0.04389187194915254,22.80747881355932,0.9868845974576271,0.048207679661016946,0.137856765,236,Structural shift
FR0013480613,0.0019654853225806452,16.59721768129032,1.0,0.007128898387096774,0.022665854032258063,62,Structural shift
GB00B15KXV33,0.026059399872340426,2.7003698157021274,1.0,0.04015086217021277,0.12783894953191488,235,Structural shift
GB00B15KY989,0.005165730925110132,1.5089437416740088,1.0,0.011438600572687224,0.032492901894273125,227,Structural shift
GB00BH4HKS39,0.016375614859437754,0.8686096050200803,1.0,0.030890338232931726,0.09315666823293173,249,Structural shift
GR0114031561,0.001762421821862348,7.659892712550607,0.9456333684210526,0.0033709090283400808,0.012544977611336033,247,Structural shift
GR0118019679,0.0013967038785046729,7.901405278878505,0.9454829205607477,0.0035400544859813085,0.009349611121495327,214,Structural shift
GR0118020685,0.00027075549999999997,3.9636000000000005,0.9666667,0.0017157410000000002,0.0065850935,20,Structural shift
GR0124035693,0.002779984584980237,20.836669565217388,0.9608507826086956,0.008416131264822133,0.028825352252964426,253,Structural shift
GR0128016731,0.00130011453125,13.9777734375,0.99255953125,0.00592794421875,0.016479033125,64,Structural shift
GRC1441197B3,0.006495155258215962,32.55181044600939,0.9251062676056339,0.01847050530516432,0.05353580596244132,213,Structural shift
GRC1451184D4,0.0017166852888888889,11.05337624888889,0.9034921600000001,0.005252562177777777,0.017411789733333335,225,Structural shift
GRC422116743,0.003667478686131387,3.7827737226277374,0.262426102189781,0.001972340583941606,0.01155484890510949,137,Actionable
GRC4221178B3,0.008342484269662921,22.086033468651685,0.5473515617977528,0.01541863404494382,0.11891950067415731,89,Structural shift
GRC4221197B3,0.052713077924528305,40.73056603773585,0.4240791509433962,0.025982799811320755,0.13153693830188679,53,Actionable
GRC4951193D4,0.010176952024291499,49.36023677878542,0.9535377368421053,0.028686543198380567,0.09223269639676113,247,Structural shift
GRC8081169B2,0.0023014604545454546,8.94452219020661,0.8354979545454545,0.004236146652892562,0.013309792355371901,242,Structural shift
GRC813119AD1,0.004492231946308725,6.743179530201342,0.8900608322147652,0.0032026207382550337,0.011802845704697987,149,Structural shift
GRC815117CD9,0.005264513846153847,21.125279894736842,0.6950068178137652,0.010472553157894736,0.04350513748987854,247,Structural shift
GRC8161185B1,0.0035832152682926826,13.76184407804878,0.8703833707317074,0.006627181170731707,0.02367076312195122,205,Structural shift
GRC8171186B7,0.0071335120158102765,30.91406133201581,0.8795408695652174,0.017214337351778655,0.056417130592885376,253,Structural shift
GRF000011004,0.009875116090534979,0.866045390946502,0.9964726666666667,0.012073047037037037,0.036748762921810695,243,Structural shift
GRF000014008,0.0013783867741935486,1.0860767056451612,0.9951996975806452,0.004893042379032258,0.011412720887096774,248,Structural shift
GRF000022001,0.0005608368686868686,0.4935280808080808,0.9886965000000001,0.001773204898989899,0.004468659545454546,198,Structural shift
GRF000023009,0.0030339865725806455,4.013797931451613,0.9986559153225806,0.006716374314516129,0.020466955967741937,248,Structural shift
GRF000024007,0.0031617795260663506,1.0557639289099525,0.9925524786729858,0.006433906777251184,0.016406057535545023,211,Structural shift
GRF000025004,0.0017711459119496855,0.8638081446540881,0.9970050943396226,0.005241250943396227,0.013691902704402514,159,Structural shift
GRF000029006,0.0007652114937759337,0.4367090290456432,0.9768820622406639,0.0018308742738589211,0.004854539834024896,241,Structural shift
GRF000030004,0.0018243570053475937,1.3258790102673796,1.0,0.005705445187165776,0.015075631818181818,187,Structural shift
GRF000031002,0.008901410924369748,4.624409546218488,0.9987995210084033,0.017651462100840336,0.05056353676470589,238,Structural shift
GRF000032000,0.005229371223628692,3.4212791729957805,0.9969861392405064,0.012274292953586497,0.03958649886075949,237,Structural shift
GRF000034006,0.004199675900900901,1.4481148108108108,0.9920635000000001,0.008608497387387387,0.0263047336036036,222,Structural shift
GRF000036001,0.002887156510638298,1.6824985276595745,1.0,0.006499038382978723,0.01770109544680851,235,Structural shift
GRF000037009,0.010892437838983051,1.325284033898305,0.9977804703389831,0.021910054915254235,0.07337507516949152,236,Structural shift
GRF000038007,0.013929250361445784,0.5574080401606426,0.9919678795180723,0.02279926919678715,0.06993542943775101,249,Structural shift
GRF000045002,0.008286659583333333,4.793420454166666,1.0,0.0148974305,0.039738249125,240,Structural shift
GRF000084001,0.009840990913043478,0.6564688478260869,0.9946169826086957,0.015188058043478262,0.04449559865217391,230,Structural shift
GRF000093002,0.00202841,1.3472972107438017,0.9950806818181819,0.005272987438016529,0.012822404669421488,242,Structural shift
GRF000153004,0.010909982594339621,8.235552830188679,0.9328392405660377,0.023994778349056604,0.07388577867924528,212,Structural shift
GRK014011008,0.018867732208835343,38.77407496646586,0.8624977469879519,0.03656991457831325,0.11424163204819278,249,Structural shift
GRS001003037,0.0843746477593361,12.403708298755188,0.9705592074688797,0.048840085560165974,0.1440804820746888,241,Structural shift
GRS003003035,0.033081998215767634,2.0193036956016597,0.957715908713693,0.06803859688796679,0.19311364211618257,241,Structural shift
GRS004013009,0.006432040288065844,4.217358024691358,0.909857037037037,0.014646435555555556,0.04357613333333333,243,Structural shift
GRS014003032,0.05442536863636364,24.828071725950412,0.9675325,0.06296164780991735,0.20333342057851242,242,Structural shift
GRS015003007,0.025943200840707968,1.0400512713716814,0.9646018053097345,0.06957992884955752,0.19489019123893805,226,Structural shift
GRS045003001,0.036090171294642856,0.1422060714732143,0.5620748080357143,0.039951346250000005,0.15393366401785716,224,Structural shift
GRS047063003,0.02275028366071429,0.354046875,0.26254250892857145,0.01933275825892857,0.09457372392857143,224,Actionable
GRS054003009,0.017941595342465755,0.19040821917808218,0.8669277260273973,0.02550981191780822,0.08399076726027396,146,Structural shift
GRS059063008,0.042481724598540146,3.695912408759124,0.5578727883211679,0.040666346788321164,0.18190777321167884,137,Structural shift
GRS059064006,0.06044217341463415,2.1945894308943092,0.19957410162601627,0.035708671991869924,0.1608184882113821,246,Actionable
GRS065003014,0.022428600972762645,1.1564309381322957,0.9840652373540856,0.0308930553307393,0.09557248801556421,257,Structural shift
GRS070003009,0.04016255096774193,2.5155829145564517,0.9688940403225806,0.05730055665322581,0.16866282560483872,248,Structural shift
GRS084003011,0.027839124308510637,0.20221180856382978,0.9235056489361703,0.037643876010638296,0.10417932718085107,188,Structural shift
GRS087003000,0.019820056075949367,0.5883158774683545,0.9642355189873418,0.048471800970464135,0.14814222421940929,237,Structural shift
GRS088003017,0.026572523144104805,0.8626494321834061,0.8978998733624454,0.041246386288209605,0.11563349729257642,229,Structural shift
GRS090003005,0.016903865950920246,0.09952760736196319,0.3920536871165644,0.02837010981595092,0.10629375024539878,163,Actionable
GRS090004003,0.01575762493670886,0.2109493670886076,0.6130198734177216,0.040062110632911395,0.14227147341772153,79,Structural shift
GRS092103001,0.03515831969957082,0.1852656652360515,0.35131813733905576,0.04402288519313304,0.17714064407725322,233,Actionable
GRS095003000,0.0503452281,3.0707150000000003,0.9147619899999999,0.0582681716,0.1724202416,100,Structural shift
GRS096003009,0.022370879194915257,2.4186457627542373,0.9311945805084746,0.02986544211864407,0.08906634550847457,236,Structural shift
GRS106003007,0.019171025044247787,1.003223849557522,0.9051834070796461,0.04403692601769911,0.12920498199115046,226,Structural shift
GRS111003026,0.03008086701421801,1.0111791469194313,0.3220492037914692,0.03688799867298578,0.2545588737440758,211,Actionable
GRS117123000,0.0223386241025641,1.4887991452991454,0.7918194615384615,0.025102046581196583,0.08441749311965811,234,Structural shift
GRS118003003,0.030068472395833334,0.974825,0.540922640625,0.03074449161458333,0.10862214713541667,192,Structural shift
GRS120003009,0.006512768285714286,99.77714285714286,0.5900226952380953,0.016827649047619048,0.05411157885714286,105,Structural shift
GRS124153008,0.02976155004032258,0.4859677418951613,0.44297234677419356,0.025997327620967743,0.1356451614516129,248,Actionable
GRS128003001,0.003856777737556561,2.228731523484163,0.45507425339366514,0.005442481357466064,0.025389596153846155,221,Actionable
GRS131003006,0.05637263384615385,0.1364042735042735,0.5030524615384615,0.03484117717948718,0.14904571803418803,234,Structural shift
GRS131004004,0.045013568239999996,0.14502,0.544761944,0.02368147552,0.10640949992,125,Structural shift
GRS135003002,0.02035520789237668,0.18646553062780272,0.5598974932735425,0.05325625587443947,0.17561719798206277,223,Structural shift
GRS137003000,0.022566119201680675,0.433378781512605,0.8115247983193277,0.02819007142857143,0.08783834004201681,238,Structural shift
GRS144003001,0.022046396465517242,0.49589247142241377,0.903530474137931,0.026632935818965517,0.08519590443965518,232,Structural shift
GRS145003000,0.019620576492890996,4.356016113791469,0.9501241753554502,0.031686796492890995,0.08875025767772513,211,Structural shift
GRS147233001,0.048640786874999994,1.070949166625,0.8944445458333333,0.036336527333333334,0.1038830085,240,Structural shift
GRS148003015,0.019195362874015746,1.8298740157480315,0.8344583031496062,0.05438424295275591,0.1603065305511811,254,Structural shift
GRS156203002,0.020424635276595743,0.04646241144680851,0.5337385914893616,0.10432950965957448,0.29870771374468086,235,Structural shift
GRS165063009,0.023266395683760682,0.649179416025641,0.7733008675213675,0.042849716794871796,0.14605458188034187,234,Structural shift
GRS182003004,0.024556088124999997,0.010633928571428572,0.22916656249999998,0.014341904732142858,0.07058916473214286,112,Actionable
GRS184003002,0.030146578300395258,0.26374023735177865,0.7090157312252964,0.06351133513833992,0.22336043897233201,253,Structural shift
GRS191213008,0.04070680748953975,1.47362,0.9533772133891214,0.061382325941422594,0.17702451824267781,239,Structural shift
GRS204003008,0.01083764170940171,4.175674073846154,0.9251119999999999,0.023744431025641027,0.07002371188034187,234,Structural shift
GRS208303008,0.02794167025974026,0.8250867964935065,0.8965162857142857,0.03684475502164502,0.10487053904761905,231,Structural shift
GRS213213002,0.024145901004784687,0.5047126475598086,0.9651401578947368,0.05672468602870813,0.18404742607655503,209,Structural shift
GRS222213001,0.04130169521186441,0.7165065396186441,0.9584342627118644,0.04371432262711864,0.12528031245762714,236,Structural shift
GRS224003004,0.03382742988188976,0.2511432283464567,0.42838391732283465,0.07028443677165355,0.24576461192913385,254,Structural shift
GRS237003009,0.0153090875,0.2306224358974359,0.7087913974358975,0.03915286961538462,0.1632039244230769,156,Structural shift
GRS239003007,0.021307645020920505,2.640148033472803,0.9420203807531381,0.04824396288702929,0.12395186188284518,239,Structural shift
GRS240003012,0.01599587199203187,3.27958406374502,0.622083123505976,0.032937955099601596,0.11873858378486056,251,Structural shift
GRS245213004,0.021056018571428574,3.747904166607143,0.9375000625,0.02934162482142857,0.09232208258928572,224,Structural shift
GRS246073001,0.023357256088709675,0.42920844088709675,0.8210446854838709,0.06229116314516129,0.1692397947983871,248,Structural shift
GRS247003007,0.017639715319148937,0.5836057019574469,0.8936171276595745,0.048149839489361704,0.1439916423829787,235,Structural shift
GRS259003002,0.01747887995850622,3.95055601659751,0.7419484232365146,0.025314694149377592,0.07834575033195021,241,Structural shift
GRS260333000,0.01565153735042735,6.845630199316239,0.954823,0.026628651452991453,0.07767481863247863,234,Structural shift
GRS265003004,0.029749329812499996,0.6123609375,0.8041668625,0.045540769375,0.1598312855,160,Structural shift
GRS275073005,0.022957388922413793,0.7312183620258621,0.8483169698275862,0.07689361176724138,0.2259685473275862,232,Structural shift
GRS277023008,0.01698574801687764,2.243392967679325,0.9125980379746835,0.027038074514767935,0.0815044688607595,237,Structural shift
GRS281003004,0.0196828528125,0.89313125,0.9211310312500001,0.02761527,0.079910621796875,128,Structural shift
GRS282183003,0.023990865784753363,10.180086846053811,0.9619902152466367,0.0325343133632287,0.09346874237668161,223,Structural shift
GRS284183001,0.036677879875,0.21377470833333334,0.8900794750000001,0.056550259916666665,0.1838252145,240,Structural shift
GRS289103004,0.04016222341563786,1.0507332645267489,0.9529688888888889,0.05753170074074074,0.1756337395884774,243,Structural shift
GRS295003008,0.04379345818965517,1.0260023133189655,0.8998358965517241,0.04461130379310345,0.1434550064224138,232,Structural shift
GRS298343005,0.01926345951923077,3.4344865384615386,0.9439103125,0.030261552740384615,0.10394487091346154,208,Structural shift
GRS301003000,0.0455968209090909,0.06577272727272727,0.6428571818181819,0.024333738863636364,0.12109375,44,Structural shift
GRS310003009,0.01702690524,1.9697070028,0.9689524119999999,0.03471864844,0.0998539888,250,Structural shift
GRS314003005,0.036077913741496596,0.06452670530612245,0.9562682653061225,0.06296399176870748,0.19308086047619047,147,Structural shift
GRS315003004,0.0211884030125523,1.0919330543933055,0.6242279539748954,0.02854086539748954,0.10978689146443514,239,Structural shift
GRS316003003,0.014387709340101524,0.057650795228426394,0.763355233502538,0.06124029147208122,0.18618778253807106,197,Structural shift
GRS316007012,0.0434835025,0.29575,0.714286,0.170489575,0.42592592500000004,4,Structural shift
GRS319103008,0.04275282319327731,1.1027117647058824,0.8821529789915966,0.03549307831932773,0.10438573058823529,238,Structural shift
GRS320313000,0.026481324615384615,2.171176470588235,0.9092868823529412,0.03379506864253393,0.09416278832579185,221,Structural shift
GRS323003012,0.028710719871244635,0.5262384892703863,0.9644390300429184,0.060663260901287555,0.1768564175107296,233,Structural shift
GRS326003019,0.020678897641509434,7.277436320754717,0.8198564056603774,0.026561618066037736,0.0851811462735849,212,Structural shift
GRS329503007,0.0234131531627907,0.4101076432093023,0.9211517953488373,0.0679233185116279,0.1828516093953488,215,Structural shift
GRS331043000,0.008809102151898734,2.2508459915611816,0.6471771223628692,0.017292634725738394,0.0612276064978903,237,Structural shift
GRS332073006,0.019182466699507388,0.4659931200492611,0.8784894482758621,0.051802915172413797,0.16418858699507388,203,Structural shift
GRS337003008,0.03634119913265306,4.255745068010205,0.9234694642857142,0.04347335719387756,0.1398113987244898,196,Structural shift
GRS339003022,0.1101835358974359,0.0395982905982906,0.126984094017094,0.014913785213675214,0.10295260213675213,117,Actionable
GRS340263003,0.019137970129032258,0.17986258064516128,0.633487,0.026971371999999997,0.08010233638709677,155,Structural shift
GRS343313003,0.031488539516908214,0.19588031884057971,0.911663304347826,0.0694704002415459,0.21202268850241549,207,Structural shift
GRS344003009,0.0178533693877551,0.18922448979591838,0.4567541428571429,0.02264889775510204,0.057109780816326526,49,Actionable
GRS345503007,0.019445680765306124,3.5247049320408164,0.8228864693877551,0.03130856198979592,0.09333373510204081,196,Structural shift
GRS346003007,0.050909407420814484,0.1087547814479638,0.8493860588235294,0.05013929167420814,0.15559426244343894,221,Structural shift
GRS350263000,0.01558154375,0.4951193451339286,0.7414967366071429,0.038343415133928575,0.12255951477678571,224,Structural shift
GRS354003006,0.016927082211055277,0.8367939698492461,0.7755445175879397,0.035132333216080405,0.1115466420603015,199,Structural shift
GRS359353000,0.009586717916666666,3.258469722125,0.9349206999999999,0.022940376624999998,0.06289042054166667,240,Structural shift
GRS364253005,0.036702385395348834,0.31666883720930233,0.7043189860465117,0.05206889358139535,0.18317660758139537,215,Structural shift
GRS368313003,0.01893769504098361,0.8874502732786885,0.9219360655737705,0.04253581737704918,0.12207188274590164,244,Structural shift
GRS372003004,0.022112942675438597,0.591262429254386,0.932748605263158,0.043591156535087716,0.14075211846491226,228,Structural shift
GRS373173004,0.021262115495049506,0.4553029702970297,0.5884016881188119,0.05369735599009901,0.2137562158910891,202,Structural shift
GRS374003002,0.020040851806167402,0.5323753303964758,0.8472835198237886,0.05754827629955947,0.17787330348017621,227,Structural shift
GRS375183001,0.02142654072072072,0.5940804655855856,0.8060918918918919,0.07899066882882883,0.26626463036036035,222,Structural shift
GRS379233000,0.022366798875,0.41568466666666665,0.6938493041666667,0.015348120083333333,0.06022576320833333,240,Structural shift
GRS382073005,0.006697168971962617,0.44014953271028034,0.3475744719626168,0.006850529906542056,0.0334942235046729,214,Actionable
GRS384003000,0.030505126483516484,0.23184824175824176,0.8984825714285715,0.049345566868131865,0.14165410357142857,182,Structural shift
GRS385113006,0.031215211234042552,0.6588462127659575,0.900506685106383,0.03702651234042553,0.12072672842553192,235,Structural shift
GRS387503006,0.023898455101214574,1.6375287449392713,0.6907654331983806,0.0468853712145749,0.15095614995951415,247,Structural shift
GRS392193009,0.024718532971698112,0.15785566037735851,0.3245732311320754,0.0324726425,0.10953579150943397,212,Actionable
GRS393503008,0.017569658157894737,7.2227475146929825,0.9736842368421054,0.03729370403508772,0.09233023934210526,228,Structural shift
GRS395363005,0.024685810256410257,2.672091666709402,0.9426129999999999,0.03815398841880342,0.11325679662393162,234,Structural shift
GRS396003006,0.029594123278008297,0.22961095435684645,0.901007804979253,0.04598573991701245,0.12468145203319501,241,Structural shift
GRS397003005,0.02296369694214876,0.7038508950826446,0.8600945909090909,0.025818139421487606,0.07154972045454545,242,Structural shift
GRS398003004,0.016568798163265307,3.8668367346938775,0.6462585510204082,0.03874275551020408,0.15861502836734695,49,Structural shift
GRS402003008,0.013586080322580647,3.6972165898617515,0.9372394746543778,0.03843390207373272,0.11202513451612903,217,Structural shift
GRS403003007,0.03260444893004115,1.1798988476131687,0.9400353333333333,0.03717304971193416,0.12189782679012347,243,Structural shift
GRS404003006,0.016651764023904385,1.2508998008366534,0.9189907848605577,0.029949436653386452,0.09134644549800797,251,Structural shift
GRS405003005,0.028968447246963566,3.5623792174898785,0.7763641497975708,0.031675142631578945,0.10238696651821863,247,Structural shift
GRS406003004,0.03638135982758621,0.4309895112931035,0.8154763448275862,0.06782582219827586,0.18552628745689656,232,Structural shift
GRS407183003,0.02251843601659751,1.027629322406639,0.7273267551867221,0.02740717033195021,0.08856057161825726,241,Structural shift
GRS412503005,0.022656755299999998,0.41676290029999996,0.90761914,0.0535351775,0.1215514251,200,Structural shift
GRS413313008,0.016143744800000002,0.4673612,0.7232381880000001,0.0484488818,0.18550898912,250,Structural shift
GRS419003009,0.028308899950248757,5.442850080447761,0.9566453880597015,0.02937995582089552,0.09557013417910448,201,Structural shift
GRS422003004,0.06870056531746031,0.50676,0.38775510317460316,0.03761073523809524,0.1777104938095238,126,Actionable
GRS424003002,0.021344794146341464,1.322830487804878,0.8532715365853658,0.032247788536585366,0.09233477829268293,246,Structural shift
GRS426003000,0.06220669657258065,11.315497268991935,0.9506528911290323,0.04477696524193548,0.13608015947580646,248,Structural shift
GRS427003009,0.010754440701754386,9.523830409210525,0.802840600877193,0.02035342850877193,0.06369276416666667,228,Structural shift
GRS428003008,0.009053429238095238,1.8046528571428573,0.8648527428571429,0.021070170428571428,0.06768017523809523,210,Structural shift
GRS432003028,0.03946616853333333,1.2452732593777778,0.9367196400000001,0.05139303337777778,0.1398760102222222,225,Structural shift
GRS433003019,0.010063786306306305,1.567072072072072,0.46203341441441437,0.013800389234234234,0.04972802986486487,222,Actionable
GRS434003000,0.02405861456521739,4.826995144956522,0.9532091565217391,0.05029209613043478,0.13010570243478262,230,Structural shift
GRS438003006,0.01929870804,1.3436741331200002,0.74076204,0.0328651232,0.10508863376,250,Structural shift
GRS439003005,0.02993771894117647,0.5461933333333333,0.8509804392156862,0.10158606760784314,0.2384872570980392,255,Structural shift
GRS446003014,0.027416599836065574,0.04091639344262295,0.4918032459016394,0.02991180393442623,0.15189166081967212,61,Actionable
GRS449003003,0.020862022727272726,0.11201602870813397,0.8632947368421052,0.02317564875598086,0.0783874843062201,209,Structural shift
GRS457003002,0.022092368141592923,0.38344371681415934,0.546987,0.044937773805309736,0.1503449375221239,226,Structural shift
GRS461003006,0.029052310507614212,0.5041484771573604,0.5025380558375635,0.035335000659898474,0.14556547893401015,197,Structural shift
GRS469003024,0.00804721152173913,3.8118188405217395,0.905797195652174,0.03205457082608695,0.08151216843478261,230,Structural shift
GRS470003013,0.009366171874999999,9.018783611208333,0.9319445125,0.024222508833333333,0.06254249020833333,240,Structural shift
GRS472003011,0.02607817079497908,1.206402859288703,0.939031740585774,0.030529215523012552,0.08863813108786611,239,Structural shift
GRS473003002,0.038699357402597404,0.6304820779220779,0.8223048354978355,0.039763759090909095,0.11639903038961039,231,Structural shift
GRS474003001,0.03281702,0.41255826923076927,0.9024726249999999,0.037957901778846156,0.11737210754807692,208,Structural shift
GRS475003018,0.02492560614035088,0.5992332456140351,0.8955723684210527,0.06628156342105262,0.18025714521929823,228,Structural shift
GRS477003008,0.020933722666666665,0.6645980556666667,0.5464285916666667,0.020341116541666666,0.0781269745,240,Structural shift
GRS484003009,0.025330482981651376,0.6365863302752294,0.7304500779816513,0.06521222665137615,0.21345860155963303,218,Structural shift
GRS487003006,0.024216177820512823,0.3849579061965812,0.7195768376068375,0.021297433547008547,0.060661393119658125,234,Structural shift
GRS488003005,0.020453751111111113,0.7958860766666667,0.8526358518518519,0.03927769312757201,0.1361518856378601,243,Structural shift
GRS489003004,0.035778078340611356,0.3566242504803493,0.8694116462882097,0.07380198794759825,0.17188699034934496,229,Structural shift
GRS495003006,0.03816711378378378,5.5004869369369365,0.9598885,0.062335742747747745,0.20156191153153152,222,Structural shift
GRS496003005,0.010047075887096775,6.309274193548387,0.9377880806451613,0.028684800806451614,0.07999361165322581,248,Structural shift
GRS497003012,0.02575374608333333,1.0340889166666667,0.72242075,0.05078038158333333,0.17460792475,240,Structural shift
GRS498003003,0.028218168448275863,0.48898927551724136,0.8097976379310344,0.03391497356321839,0.09555366114942529,174,Structural shift
GRS500003009,0.0322402318503937,1.714679527559055,0.8299589212598425,0.04807745377952756,0.15096387578740156,254,Structural shift
GRS501003008,0.015436509947643978,0.5206806282722514,0.3448017277486911,0.02390498837696335,0.08023214837696335,191,Actionable
GRS502003007,0.01596410386956522,0.5652150725217392,0.7033127130434782,0.04657211830434782,0.14588751904347827,230,Structural shift
GRS504003021,0.018677562683982685,3.088536075064935,0.560296935064935,0.02397357662337662,0.09733056601731602,231,Structural shift
GRS505003004,0.019539775375000002,1.9273734908333333,0.959920675,0.057619553500000004,0.142392397375,240,Structural shift
GRS506003003,0.023959500286885246,2.15392868852459,0.6922327295081967,0.039234135491803275,0.1283214663934426,244,Structural shift
GRS509003018,0.00956300353211009,2.254353211009174,0.5224989311926606,0.013682580091743118,0.03859743325688073,218,Structural shift
GRS510003015,0.01646563722222222,0.3042018515277778,0.7156085972222223,0.03284327027777778,0.10469673263888889,72,Structural shift
GRS511003006,0.017074978238636365,1.0398295454545454,0.2840908238636364,0.01319684153409091,0.06656983846590908,176,Actionable
GRS516003001,0.014913871853448276,2.7321982760775865,0.7516422068965517,0.01983192974137931,0.06495553616379311,232,Structural shift
GRS517003000,0.014660978971193415,0.8617733195884774,0.9135803333333333,0.023602751028806584,0.06929329024691358,243,Structural shift
GRS518003009,0.016598533782608695,1.474166231695652,0.9325052434782608,0.03218899391304348,0.09823867304347826,230,Structural shift
GRS520003005,0.011307415999999999,3.5806585365853656,0.7349595073170732,0.020829334487804878,0.06646000434146342,205,Structural shift
GRS807003017,0.010783652291666666,1.6731383333333334,0.45496024583333333,0.016496696416666668,0.06805304470833334,240,Actionable
IE00B11XZB05,0.0006454537916666667,1.5106833333333334,0.8827382125,0.0035314471249999996,0.009644162291666668,240,Structural shift
IE00B14X4Q57,0.0004913706451612903,3.477294623732719,0.9133202534562211,0.0011570169585253455,0.003517721843317972,217,Structural shift
IE00B19Z9Z06,0.009380124634146341,93.21132898780488,1.0,0.024311906707317074,0.060724191382113824,246,Structural shift
IE00B1FZS681,0.0010222622440944882,8.923388976496062,0.9658792992125984,0.002447739881889764,0.0074645727165354335,254,Structural shift
IE00B1XNHC34,0.011579755439999999,11.09045210392,1.0,0.0484472976,0.10793936992,125,Structural shift
IE00B3F81R35,0.0014763278099173553,10.509210950413223,0.9750098636363637,0.0038530772314049585,0.012244758223140495,242,Structural shift
IE00B3ZW0K18,0.006814801222707423,30.115174890829692,0.9945934759825328,0.02121166327510917,0.05457884065502183,229,Structural shift
IE00B4K48X80,0.0074772474485596705,17.953864165555554,1.0,0.01766781255144033,0.05594637724279835,243,Structural shift
IE00B4L5Y983,0.008564974125560539,21.259564483766813,1.0,0.019410093273542598,0.052121507309417045,223,Structural shift
IE00B4L5YX21,0.003776996649746193,12.212449035532995,0.9927483756345177,0.014928896040609136,0.036982845532994926,197,Structural shift
IE00B4L60045,0.0017221723265306121,7.479780816326531,0.9477162816326531,0.003281509387755102,0.009999140204081634,245,Structural shift
IE00B4S3JD47,0.0003151756880733945,1.5760459355963303,1.0,0.0006703221100917431,0.0022953862385321103,218,Structural shift
IE00B4WXJJ64,0.00185837136,10.16026933348,0.977904784,0.0036851437200000003,0.011968557519999999,250,Structural shift
IE00B53SZB19,0.006371549397590362,241.53245244837348,1.0,0.020503442951807227,0.05079243668674699,166,Structural shift
IE00B5BMR087,0.006756771744680852,102.55562988378723,1.0,0.01737334795744681,0.04511587106382979,235,Structural shift
IE00B66F4759,0.00437721984063745,20.515055577490042,0.9797002669322709,0.01020717482071713,0.028412131912350595,251,Structural shift
IE00B7N3YW49,0.004276716639676113,17.738627682753037,1.0,0.010411345910931173,0.02892675165991903,247,Structural shift
IE00B8FHGS14,0.0010098742857142858,5.235277142857143,0.9727891428571428,0.005611418571428571,0.018475542857142858,7,Structural shift
IE00BF11F565,0.006519385,0.6293097009448819,0.9551931456692914,0.005844285551181103,0.01626048622047244,254,Structural shift
IE00BF3N7094,0.008807414508196722,1.3031649221311474,0.9791178975409836,0.012759702049180328,0.035365793811475414,244,Structural shift
IE00BFZRPZ02,0.0009745071951219513,9.676551808292682,1.0,0.003950205243902439,0.01093976768292683,164,Structural shift
IE00BM67HQ30,0.001049365,3.6728375,0.9821428750000001,0.00705461375,0.02123917875,8,Structural shift
IE00BM67HT60,0.005202710833333334,14.861631481481481,0.9991181666666668,0.01732715962962963,0.047928466481481476,108,Structural shift
IE00BP3QZ601,0.005243600337552742,13.715990027637131,1.0,0.018247009915611814,0.04668441004219409,237,Structural shift
IE00BP46NG52,0.002674122520325203,3.5273357053252035,1.0,0.006614206544715447,0.019432220325203253,246,Structural shift
IE00BYM11K57,0.005400675737704918,55.08657404397541,0.9925839262295082,0.01995025094262295,0.05002388614754099,244,Structural shift
IE00BYPC1H27,0.0022600760952380954,0.5397549715238096,1.0,0.005808209714285715,0.016645716952380953,105,Structural shift
IT0005239360,0.0347631091627907,5.687038790697675,0.9929125209302325,0.033812080139534885,0.10700802939534883,215,Structural shift
IT0005277444,0.0016014034538152611,3.7592652761044176,1.0,0.0017742289959839356,0.004981506506024097,249,Structural shift
IT0005344335,0.002652637935222672,8.469505363360325,1.0,0.003789915141700405,0.00955497943319838,247,Structural shift
IT0005402117,0.005110646666666666,9.610609744444444,1.0,0.004299604444444444,0.015210381111111112,36,Structural shift
LU0006061385,0.0018011343421052632,2.3377470363157893,1.0,0.0040817975000000005,0.012206412894736842,76,Structural shift
LU0006061419,0.003269145191489362,15.599749088085106,1.0,0.0053562377872340425,0.015300004255319148,235,Structural shift
LU0006277684,0.005446075826771654,186.03775953165353,1.0,0.005560158622047244,0.01592097996062992,254,Structural shift
LU0006344922,0.00011489625000000001,1.3936712126136364,0.8950217500000001,8.087738636363636e-05,0.00026979488636363636,88,Structural shift
LU0011850392,0.010262948765432099,47.618124828518525,0.994317074074074,0.025309237407407408,0.07446651074074075,243,Structural shift
LU0012186622,0.003988844572649573,22.832039958290597,1.0,0.00567533623931624,0.016288858675213676,234,Structural shift
LU0033040600,0.002487073817427386,207.0677828492531,0.9998024107883817,0.006728942572614108,0.01831252489626556,241,Structural shift
LU0033040782,0.002887299053497942,467.86596433477365,0.9992161481481482,0.006830869218106996,0.01923006024691358,243,Structural shift
LU0033041590,0.005343381024590164,241.89283037467212,1.0,0.008654779754098361,0.02372745413934426,244,Structural shift
LU0033043885,0.005401298097165992,552.0406552138867,1.0,0.008723534210526315,0.02357287113360324,247,Structural shift
LU0033050237,0.0021607319672131147,59.82434918032787,0.9900468483606557,0.006590487950819673,0.016177651024590164,244,Structural shift
LU0047713382,0.0042204594835680755,18.019933800469484,1.0,0.023347692582159626,0.05347467910798122,213,Structural shift
LU0049785446,0.003412965081967213,549.8217672131148,0.9984387213114754,0.010092906967213114,0.026313307213114756,244,Structural shift
LU0049785792,0.00546288168,642.41584862348,1.0,0.01073443636,0.0283586736,250,Structural shift
LU0050372472,0.0012470459426229508,3.2916036885655737,0.937744012295082,0.005101473278688524,0.011630706844262295,244,Structural shift
LU0053903380,0.008893262145748988,0.8064678229554655,1.0,0.007376889311740891,0.0206120095951417,247,Structural shift
LU0053903893,0.0014754237885462554,0.5931790256387665,0.992028537444934,0.003945181938325991,0.011027843259911895,227,Structural shift
LU0055631609,0.026382407469879517,26.019875894618473,1.0,0.03547693261044177,0.100036587751004,249,Structural shift
LU0072462426,0.007539596160337552,16.445284090759493,1.0,0.014533154514767933,0.037394301392405065,237,Structural shift
LU0083138064,2.163333333333333e-06,0.17825416666666669,1.0,4.107291666666667e-05,0.00016940208333333332,24,Structural shift
LU0083284397,0.001675951875,0.9075819566666666,1.0,0.004197629375,0.012768992291666668,48,Structural shift
LU0085995990,0.005058370843881856,8.069685231940928,0.9559976329113924,0.008493419156118145,0.029840462320675106,237,Structural shift
LU0086177085,0.001987127564102564,28.35612692303419,0.982499,0.006651818675213675,0.020166830726495725,234,Structural shift
LU0089290844,0.0027131276694915257,15.91183516940678,0.9751816228813559,0.006724947838983051,0.025300537330508473,236,Structural shift
LU0089291651,0.0012525717213114755,28.225821584713113,0.9919984467213114,0.0052700769672131146,0.013282202254098362,244,Structural shift
LU0091115906,0.01104530948497854,13.491927231759655,1.0,0.024075477081545064,0.06801072519313305,233,Structural shift
LU0093503497,0.003341897438016529,3.0599863637603306,0.9334908181818181,0.00876906603305785,0.022839765041322315,242,Structural shift
LU0093503810,0.0010386438818565402,0.6398888888185653,0.6548121940928271,0.001939359029535865,0.004922417552742616,237,Structural shift
LU0101692753,0.007252623122362869,157.3457448380591,1.0,0.021964421308016877,0.051458094725738396,237,Structural shift
LU0106234643,0.0011862802074688796,0.3439444190871369,0.9816242033195022,0.00228619112033195,0.005362936431535269,241,Structural shift
LU0106235293,0.008783516798245614,13.868562140307017,1.0,0.01889317763157895,0.05583646938596491,228,Structural shift
LU0106258311,0.002710996432160804,1.8506634014070353,1.0,0.007866416281407034,0.022507591155778897,199,Structural shift
LU0113257694,0.0022993951239669423,3.609334125495868,1.0,0.007268362727272728,0.014639874380165289,242,Structural shift
LU0115143082,0.006053768423236515,45.09792199170125,0.9913060746887967,0.017378161203319503,0.04688946630705394,241,Structural shift
LU0127230596,0.00048178242009132424,14.710438356164383,0.9558600136986302,0.0005951438356164384,0.0018652894520547944,219,Structural shift
LU0128497889,0.0032975911304347827,13.71838016947826,1.0,0.005412112652173913,0.015403386391304346,230,Structural shift
LU0147414022,0.005753172510121458,671.0967206477733,0.9930595789473684,0.014110497530364374,0.04160130093117409,247,Structural shift
LU0152980495,0.004091172246696036,3.652248017621145,0.943989986784141,0.006929154493392071,0.01924845810572687,227,Structural shift
LU0154234636,0.010749658804780876,18.347152191235057,0.9776133784860558,0.01857501984063745,0.051090860717131474,251,Structural shift
LU0161942635,0.00912168950207469,10.398761825643154,0.972337510373444,0.02079077273858921,0.05736896385892116,241,Structural shift
LU0162658883,0.002835066363636364,2.241572314049587,0.917749,0.00618921847107438,0.015119915206611571,242,Structural shift
LU0164852419,0.006197541344537815,47.581283812731094,1.0,0.020012999663865546,0.05103594739495798,238,Structural shift
LU0165281881,0.008366238713692945,475.8796597510373,0.9873542904564315,0.018634150165975104,0.05587221887966805,241,Structural shift
LU0165915058,0.002148828925619835,1.9348771349173555,0.9092877727272727,0.005266264917355372,0.011210625537190082,242,Structural shift
LU0167160653,0.0005387830833333333,4.2408958332083335,0.9216270625,0.0015643859583333334,0.004058312333333333,240,Structural shift
LU0167237543,0.00018736032786885245,0.10097154098360656,1.0,4.2124590163934424e-05,0.00017019229508196722,61,Structural shift
LU0167238863,0.003772012260869565,12.797725783608696,1.0,0.0055792907391304354,0.016128447782608697,230,Structural shift
LU0171275786,0.004067392622222222,17.121556436977777,0.98560848,0.02219544004444444,0.0518445884,225,Structural shift
LU0171283459,0.007503990608695653,15.22634,0.9792960869565217,0.013408080260869565,0.035372889,230,Structural shift
LU0171304719,0.011947985422222222,13.127461036933333,0.97481484,0.027797857066666667,0.07696775026666666,225,Structural shift
LU0171305526,0.019978561491935484,24.984819758185484,0.9896313467741935,0.03423277423387097,0.09764167036290322,248,Structural shift
LU0171307068,0.00996726344,14.40868586644,0.9693333639999999,0.0149076978,0.043450657,250,Structural shift
LU0171310443,0.013432260080000001,32.0525044002,0.992000008,0.029201953,0.07017170332,250,Structural shift
LU0172394222,0.002067884254385965,1.3151305555701756,0.8510861973684211,0.004602290745614035,0.011542563596491228,228,Structural shift
LU0172396516,0.0011904961440677966,2.363758474618644,0.9194916059322035,0.005396553347457627,0.011194650169491525,236,Structural shift
LU0184696937,0.003110270276679842,9.489821419011859,1.0,0.006143763359683794,0.017010488972332014,253,Structural shift
LU0204480833,0.006075296088709678,14.387429301008064,0.9836789717741935,0.02329884963709677,0.053922228346774195,248,Structural shift
LU0205194797,0.00721363375,3.37485601762931,1.0,0.010546840560344828,0.029344010732758618,232,Structural shift
LU0208853274,0.013133083659574468,6.000877730297872,0.9627153361702128,0.025343164936170212,0.07162300765957447,235,Structural shift
LU0212175227,0.0011021789558232932,9.549711646385543,0.9569707831325301,0.0037542827710843377,0.008011559718875502,249,Structural shift
LU0212178916,0.005472547663934426,81.44465315573771,0.9896565286885246,0.017902969385245902,0.04795922073770492,244,Structural shift
LU0212925753,0.002708044463519313,13.534530472103004,0.9863069828326181,0.01630744201716738,0.03717345738197425,233,Structural shift
LU0243957825,0.001587171008064516,1.8441373763709676,0.9955837217741935,0.004702211491935483,0.011049303104838709,248,Structural shift
LU0248271941,0.00743908802631579,15.456595321754387,0.984127,0.02514828614035088,0.06404289214912282,228,Structural shift
LU0252499412,0.0005241803125,0.0712291665625,0.34523778125,3.2275625e-05,0.00011896562499999999,32,Actionable
LU0274221281,0.0049819822727272724,28.89207153871901,0.982684,0.013813518181818182,0.03820753752066115,242,Structural shift
LU0278453476,0.002634583429752066,1.0500669421487603,0.8071627024793389,0.005034164462809918,0.01403907867768595,242,Structural shift
LU0290356954,0.0026499290573770494,12.96779344262295,0.9387198114754098,0.003010036475409836,0.009504349836065575,244,Structural shift
LU0290358497,0.001751257945945946,4.489565693783783,0.9770914,0.0015858475135135134,0.009495772216216216,185,Structural shift
LU0297943168,0.0010747098347107437,1.5453115702479339,0.8896105,0.003820777727272727,0.011372506652892562,242,Structural shift
LU0308882355,0.015769508994974875,1.1851802633165829,1.0,0.019070788592964825,0.05685141130653266,199,Structural shift
LU0325598166,0.0007577182845188285,6.113220083723849,0.9446105355648536,0.002670202719665272,0.006407435648535564,239,Structural shift
LU0330917880,0.0011430315200000002,17.7269232,0.974857168,0.00430488684,0.01262304412,250,Structural shift
LU0391944815,0.0048004696721311475,100.7567667352459,0.9962919631147541,0.019240277459016394,0.04766130225409836,244,Structural shift
LU0417441200,0.002629539746835443,17.8975582278481,0.9690576962025317,0.00702088970464135,0.021409070210970466,237,Structural shift
LU0425487740,0.0026543186776859505,2.0157007478099174,0.9978355,0.005801823140495868,0.01430450082644628,242,Structural shift
LU0430493212,0.0007551488,0.5934906665777777,0.7966139600000001,0.0030392623555555555,0.008790139333333334,225,Structural shift
LU0432365988,0.00019688676470588237,0.057371294705882356,0.9789916176470589,3.771705882352941e-05,0.00010145676470588236,34,Structural shift
LU0432616737,0.006596993548387097,5.1369403227419355,0.9360599717741935,0.014554066532258063,0.0338781697983871,248,Structural shift
LU0447610683,0.0048767235564853555,2.7102657856066945,1.0,0.009669297615062761,0.02628763949790795,239,Structural shift
LU0447610766,0.002649715659574468,2.173319412595745,0.9959473191489362,0.007832555659574468,0.021808677872340424,235,Structural shift
LU0456865749,0.002375655846153846,1.1940330662051282,1.0,0.005226558666666666,0.014330139794871796,195,Structural shift
LU0474967485,0.010469805127118644,183.39690169491524,0.9925343093220339,0.025716463813559323,0.05760483131355932,236,Structural shift
LU0476459721,0.0018900506147540984,101.66666393442624,0.9869242909836066,0.005302120204918033,0.01416755868852459,244,Structural shift
LU0482498762,0.0035256555327868853,3.2974961654508195,1.0,0.007441866352459017,0.02275004819672131,244,Structural shift
LU0494093205,0.004800571205357143,8.559123500758929,1.0,0.010789751473214286,0.027661842053571428,224,Structural shift
LU0503635038,0.0053076942857142855,47.128668752530615,0.9908649265306123,0.01853244489795918,0.04937713465306122,245,Structural shift
LU0524480265,0.0025168110358565737,22.09219176633466,0.9808385697211156,0.005639624780876494,0.01551887107569721,251,Structural shift
LU0545039389,0.014038940133333334,6.209630580844444,1.0,0.020251202177777775,0.052050582444444445,225,Structural shift
LU0551246555,0.0037209685067873303,1.437211152488688,0.9989226470588236,0.007083849864253393,0.019549171538461536,221,Structural shift
LU0561744862,0.010160595454545455,6.449866810735931,0.955267,0.02423250406926407,0.05967165766233767,231,Structural shift
LU0562822386,0.007292229670781893,7.759538683127572,0.9604154814814815,0.01929329427983539,0.05215382576131687,243,Structural shift
LU0625451512,0.007657655042016806,4.162894537815126,0.9529812394957984,0.01913379142857143,0.05429069483193277,238,Structural shift
LU0671501392,0.009824978350515464,2.0725120720103094,1.0,0.016193863350515463,0.051366441237113404,194,Structural shift
LU0671501806,0.0034406086363636366,5.2445794545454545,0.9996064545454546,0.010446532768595041,0.028182316900826444,242,Structural shift
LU0736302315,0.0026614014529914532,18.545193382435894,0.999186,0.0060836152136752135,0.018102062905982905,234,Structural shift
LU0738912566,0.002990543069767442,0.6398020784186046,1.0,0.007268267302325581,0.02413411534883721,215,Structural shift
LU0757360960,0.0045796764556962025,17.429216371097045,1.0,0.011407273248945148,0.031969278860759495,237,Structural shift
LU0784383399,0.0040647986580086585,2.096099134199134,0.9022882857142858,0.00948945012987013,0.025824003376623376,231,Structural shift
LU0784384876,0.005562799207920792,1.5584354107425744,1.0,0.009471425445544555,0.026940725643564357,202,Structural shift
LU0823389423,0.004778035676855895,16.756820087336244,0.9881472358078602,0.01234234790393013,0.0331695415720524,229,Structural shift
LU0823417653,0.005261517590361446,142.10293849124497,1.0,0.013543146385542168,0.04280314024096385,249,Structural shift
LU0823417810,0.007530978097165992,29.958073009554656,0.9855407894736842,0.017174202834008095,0.047103782510121456,247,Structural shift
LU0823421689,0.011057766857142857,676.2098714286122,1.0,0.0239896506122449,0.06145074542857143,245,Structural shift
LU0823427611,0.007181811784232365,96.75983865838175,0.9980241078838175,0.018675407427385892,0.05285358406639004,241,Structural shift
LU0823447643,0.0016209230125523012,6.468727057238494,0.9573620669456068,0.0030728537238493728,0.008543909079497907,239,Structural shift
LU0825403933,0.003763886698564593,1.6901092616746412,1.0,0.0080509,0.025633426411483255,209,Structural shift
LU0849399786,0.0022319507916666666,18.996908395833334,1.0,0.006716116833333333,0.021318776291666668,240,Structural shift
LU0849400543,0.0036074372357723576,17.491417940203252,1.0,0.00884465304878049,0.024926982357723577,246,Structural shift
LU0941349275,0.0019219705785123967,10.102317079958677,0.9726485909090908,0.004094947066115702,0.01183213561983471,242,Structural shift
LU0954602917,0.0011173877083333335,4.4568525,0.9176588124999999,0.0020950378749999997,0.005382780916666666,240,Structural shift
LU0955662357,0.004653305165289256,40.32743411570248,1.0,0.01378382194214876,0.03821842041322314,242,Structural shift
LU1093756168,0.003041868118811881,1.6870526092574258,1.0,0.008086232673267326,0.022029288118811878,202,Structural shift
LU1093756242,0.0024053979752066117,1.5154965564049585,0.9112555,0.006962000661157025,0.017132791363636362,242,Structural shift
LU1116037828,0.001897403086419753,10.19717873798354,0.9674701481481481,0.004716777901234568,0.013567372839506172,243,Structural shift
LU1133085917,0.004942136746411483,1.1579502392344496,0.8653453157894736,0.007300847033492823,0.023058595598086127,209,Structural shift
LU1165135440,0.006798279020408164,60.789917057102045,0.998445093877551,0.02113059363265306,0.053985162530612245,245,Structural shift
LU1279333832,0.008319529527896996,94.7077466632618,1.0,0.023515833175965666,0.05917633339055794,233,Structural shift
LU1279335027,0.006685945805084746,87.19180074834746,0.9989911228813559,0.02391923190677966,0.0576747679661017,236,Structural shift
LU1458427942,0.00975357040229885,48.862769540229884,0.9901477931034484,0.017149969655172414,0.04477744591954023,174,Structural shift
LU1514167136,0.0038979797119341564,11.47641974526749,1.0,0.0062215062551440325,0.01741313028806584,243,Structural shift
LU1514167722,0.0017811814462809917,8.61866738016529,0.9960645454545455,0.0038309339669421487,0.012635478966942148,242,Structural shift
LU1514168027,0.0018612000833333334,10.5966984375,0.9982142875,0.00530871325,0.014013593083333333,240,Structural shift
LU1679117579,0.006396937261904762,39.76994444444444,0.9901738571428571,0.020956721507936506,0.05838207305555556,252,Structural shift
LU1737068558,0.0027904981057268723,13.596295399603525,1.0,0.00611811550660793,0.01868711497797357,227,Structural shift
LU1775951525,0.010803955757575758,3.6601372786580084,1.0,0.02098903948051948,0.05425016484848485,231,Structural shift
LU1819948784,0.00034880148936170213,1.4196056737588651,0.880445914893617,0.0006677063829787234,0.0015339028368794327,141,Structural shift
LU1883311653,0.00817872311557789,16.188781484221106,0.9865996783919598,0.01817128351758794,0.04930228180904522,199,Structural shift
LU1883321298,0.00703226244680851,16.19060549643617,0.9901215904255318,0.016017318989361703,0.0422665589893617,188,Structural shift
LU1883854272,0.007571694772727272,53.917736363636365,0.99891775,0.017858560227272727,0.04757547272727272,88,Structural shift
MHY1771G1109,0.009179398826086956,7.28637556926087,1.0,0.019637228260869565,0.06074061204347826,230,Structural shift
MHY1771G1281,0.00886102817427386,8.56829444219917,1.0,0.022719866016597513,0.07054286676348548,241,Structural shift
MHY1771G1364,0.007076222016806723,8.408588481806722,1.0,0.021959396722689074,0.06561853865546217,238,Structural shift
MHY8162K2046,0.03444996936363636,5.594376776090909,1.0,0.04328850604545454,0.13660213563636364,220,Structural shift
NL0000235190,0.018533700657894735,65.02093245614036,0.9922723552631579,0.043550396271929824,0.14650508925438596,228,Structural shift
NL0010273215,0.012136412066115702,193.4253538014463,0.9907516818181819,0.028818053842975207,0.0776115793801653,242,Structural shift
NO0010757925,0.003138597488372093,1.9849620625581397,1.0,0.00980808688372093,0.028029427674418603,215,Structural shift
PTOTEQOE0015,0.0008192702912621359,4.254989278495146,1.0,0.0016742753883495145,0.004624989514563107,206,Structural shift
US00206R1023,0.006380232165898617,9.08417416359447,1.0,0.016461106221198157,0.049826657004608296,217,Structural shift
US0032601066,0.007153039132231405,46.89383990694215,1.0,0.030078311404958678,0.08315306450413223,242,Structural shift
US02079K3059,0.008667895230125523,35.68785567811715,1.0,0.02603318439330544,0.07368650284518828,239,Structural shift
US0231351067,0.0120153504743083,65.22409247924902,1.0,0.026083439604743082,0.0745913833596838,253,Structural shift
US0378331005,0.00745074332,55.496842776520005,1.0,0.03063489148,0.08215178772000001,250,Structural shift
US037833AK68,0.0039045679919678714,12.974717045943775,1.0,0.0067445408032128515,0.020306825381526106,249,Structural shift
US0556221044,0.037765761652173914,16.791287392,1.0,0.042534984739130435,0.1356296895652174,230,Structural shift
US0970231058,0.02824828765957447,182.16990472306384,1.0,0.059424122042553186,0.1802763804680851,235,Structural shift
US1266501006,0.012990640609756098,32.13373334296748,1.0,0.02736736150406504,0.07817680069105691,246,Structural shift
US1491231015,0.007821443813559321,78.16956858542373,1.0,0.031410175169491523,0.09136144868644068,236,Structural shift
US17275R1023,0.012291223580246913,20.03105103312757,1.0,0.025776628724279833,0.07914369427983539,243,Structural shift
US1729674242,0.018909770346320347,37.301629570476194,1.0,0.04020429857142857,0.1213986925108225,231,Structural shift
US22539T1833,0.04553494111111111,15.116966106777777,1.0,0.1274633042222222,0.4562609202222222,90,Structural shift
US25243YAU38,0.003651089834024896,12.436248466182574,1.0,0.006492114730290456,0.019975091867219914,241,Structural shift
US2546871060,0.01267935219123506,76.90151442776893,1.0,0.03225701354581673,0.09229145964143426,251,Structural shift
US298785GQ39,0.0021901515062761508,11.362822326192468,1.0,0.005683631380753139,0.016541885983263598,239,Structural shift
US298785GS94,0.002655530928270042,12.322837379409282,1.0,0.006293890084388186,0.017596848607594938,237,Structural shift
US298785HA77,0.0029653338785046728,9.539855749813084,1.0,0.005174994252336448,0.01533371214953271,214,Structural shift
US298785HM16,0.0032740182083333333,12.98597734425,1.0,0.006373449625,0.019021297875,240,Structural shift
US298785HP47,0.0031082208085106383,12.647669173829787,1.0,0.0064852189787234045,0.01811408485106383,235,Structural shift
US30231G1022,0.011638781850220265,26.293247729515418,1.0,0.03390766453744493,0.0953554827753304,227,Structural shift
US30231GAC69,0.003240411181434599,11.845002285822785,1.0,0.0059943256540084386,0.01693614493670886,237,Structural shift
US30303M1027,0.010848153688524589,137.07167590516394,1.0,0.03155415758196722,0.08657643586065573,244,Structural shift
US38141G1040,0.008552037166666667,128.50986596258335,1.0,0.03377880725,0.09389100979166667,240,Structural shift
US4592001014,0.01275969141078838,54.08354947452282,1.0,0.02437137419087137,0.07363074095435684,241,Structural shift
US46090E1038,0.007430493162393162,95.94688482978633,1.0,0.020800200213675214,0.05879339277777778,234,Structural shift
US4642864007,0.012558634423963135,18.594044834930877,1.0,0.03404304520737327,0.09475744165898618,217,Structural shift
US4642871762,0.005233698353413654,16.61764915694779,1.0,0.007361271686746988,0.022340339477911645,249,Structural shift
US4642876555,0.0069173902212389385,72.87585266115045,1.0,0.027487357876106195,0.07358130690265487,226,Structural shift
US46429B2676,0.0043854853521126756,3.4541504799530514,1.0,0.006683314460093897,0.02043430953051643,213,Structural shift
US46625H1005,0.010474512470119521,72.08516268278885,1.0,0.037398728964143424,0.1003233644621514,251,Structural shift
US47215P1066,0.0158968546484375,42.371967725781246,1.0,0.035883698984375,0.095989117109375,256,Structural shift
US4781601046,0.010130890632411068,48.241782818260866,1.0,0.018025436482213438,0.04994090691699605,253,Structural shift
US5949181045,0.010609643815261045,80.69456787465863,1.0,0.022925333092369476,0.06478077212851406,249,Structural shift
US594918BB90,0.002454859270386266,12.416316866909872,1.0,0.006233225064377683,0.016958902575107297,233,Structural shift
US5951121038,0.019780333514644352,34.49208111627615,1.0,0.034838296903765685,0.10104455313807531,239,Structural shift
US60770K1079,0.0256032375,156.978722940625,1.0,0.0603264940625,0.1702305653125,32,Structural shift
US62914V1061,0.07640592548262548,27.094586687258687,1.0,0.07946332606177606,0.21081468324324326,259,Structural shift
US64110L1061,0.010241589803149606,267.752785974252,1.0,0.031953189291338585,0.092626328503937,254,Structural shift
US71647NAV10,0.00310060396,17.2393803966,1.0,0.00898623424,0.026651128280000002,250,Structural shift
US71654V4086,0.05375131051282051,7.775137006452992,1.0,0.05395938752136752,0.1703873946153846,234,Structural shift
US7170811035,0.010344781441048036,13.810957740960697,1.0,0.02085508135371179,0.06363302283842795,229,Structural shift
US72201R7750,0.005183816411290322,13.670520886774193,1.0,0.006730935766129032,0.019451013709677417,248,Structural shift
US78462F1030,0.005473754771784232,99.72813501788382,1.0,0.017378239958506226,0.04906233647302905,241,Structural shift
US78467X1090,0.008231255443548387,88.25067380991935,1.0,0.01863768423387097,0.055379029798387096,248,Structural shift
US78468R6633,0.003765097276595745,8.417497924936171,1.0,0.005021547361702128,0.014300079574468086,235,Structural shift
US81369Y5069,0.015766612115384614,22.307978332115383,1.0,0.03380374379807692,0.10579393701923076,208,Structural shift
US822582BX94,0.003300756194331984,14.179385585182187,1.0,0.007236676761133603,0.021041153279352225,247,Structural shift
US87264AAU97,0.005608803918367347,12.553340572285714,1.0,0.006697043346938776,0.01770954293877551,245,Structural shift
US90184L1026,0.02358440652360515,29.967138227038628,1.0,0.04111623785407725,0.12253450021459227,233,Structural shift
US9128286C90,0.0028982102666666666,11.940688493111113,1.0,0.0062265130666666665,0.017521893155555555,225,Structural shift
US912828G385,0.002717032974137931,13.223086435474137,1.0,0.006636335043103448,0.01875746892241379,232,Structural shift
US912828P873,0.002088156043956044,7.273703438131868,1.0,0.004127461208791209,0.012107564835164834,91,Structural shift
US92189F1066,0.022876996594827587,21.370057559655173,1.0,0.03380697383620689,0.0970002086637931,232,Structural shift
US9219378356,0.004492249137254902,10.21572146062745,1.0,0.006385516509803921,0.018670421490196078,255,Structural shift
US9229085538,0.007910995141700405,33.43637916044535,1.0,0.023386012064777327,0.07337829935222671,247,Structural shift
US92766K1060,0.0896136944055944,36.456644722937064,1.0,0.07526808601398602,0.2183822913986014,143,Structural shift
US92826C8394,0.012568895161290323,79.29672869612902,1.0,0.023002228548387096,0.06689469923387097,248,Structural shift
US931422AH23,0.003509141701244813,11.523367950373444,1.0,0.006056950995850622,0.017949411078838174,241,Structural shift
US9497461015,0.031043613804878047,19.16252131,1.0,0.037307778926829266,0.11424515068292683,205,Structural shift
US9581021055,0.01597825066666667,37.38158787291666,1.0,0.046381229041666666,0.13762045225000002,240,Structural shift
USF12033AZ33,0.003317062638297872,12.38333152374468,1.0,0.006485852638297872,0.019905899234042554,235,Structural shift
USL34664AA71,0.004293491551020408,15.914714113918366,1.0,0.009395023346938775,0.030938759428571428,245,Structural shift
XS0070553820,0.0034491800833333333,11.899549108416666,1.0,0.006776487958333333,0.018079119375,240,Structural shift
XS0207764712,0.007591876532258065,18.552720897620965,1.0,0.011472533185483871,0.03820397842741935,248,Structural shift
XS0210976329,0.006961407208333333,18.35283798854167,1.0,0.009695411250000001,0.03076363916666667,240,Structural shift
XS0213101073,0.0024142387445887444,14.673861722424242,1.0,0.007058075930735931,0.02192558935064935,231,Structural shift
XS0214965963,0.0026454970661157024,24.15703505144628,1.0,0.009912195702479339,0.03220143723140496,242,Structural shift
XS0809571739,0.006636422438016529,10.6635049246281,1.0,0.005916604545454545,0.01714549140495868,242,Structural shift
XS0830192711,0.0035820614957264955,11.353602435897434,1.0,0.005940634658119658,0.017474922905982904,234,Structural shift
XS0969795680,0.00040984602040816323,1.1728399581632651,1.0,0.0005442844897959184,0.0015007139795918368,98,Structural shift
XS1028955844,0.0030903011016949152,13.953697425338984,1.0,0.0071099919491525426,0.020377405466101697,236,Structural shift
XS1068872925,0.0002669778616352201,1.5401224995597484,1.0,0.0006923340251572327,0.0019249601257861635,159,Structural shift
XS1085735899,0.002959589958158996,10.855293491924686,1.0,0.005115941129707113,0.014740825481171548,239,Structural shift
XS1207449684,0.0004549623076923077,2.841297488506787,1.0,0.001317514253393665,0.003827565113122172,221,Structural shift
XS1227247191,0.0009465726229508196,3.554610895409836,1.0,0.0015878133333333334,0.004057625573770492,183,Structural shift
XS1280834992,0.0004965493717277487,1.4798223463874347,1.0,0.0006801179057591623,0.00195027277486911,191,Structural shift
XS1314321941,0.001315755020746888,7.702350691120332,1.0,0.003088315767634855,0.00783915510373444,241,Structural shift
XS1405888576,0.002315960043478261,9.907159655913045,1.0,0.005332553086956521,0.016033367913043477,230,Structural shift
XS1497606365,0.0022542155752212386,10.004057183849557,1.0,0.004674973805309735,0.015571179734513274,226,Structural shift
XS1551678409,0.000948635990990991,4.941563726846847,1.0,0.002316683063063063,0.008364095585585585,222,Structural shift
XS1576621632,0.009200254934497816,38.66633909973799,1.0,0.023777363187772925,0.07536787401746725,229,Structural shift
XS1637276848,0.0006241509216589862,3.4170249824884795,1.0,0.001494013133640553,0.004187830184331797,217,Structural shift
XS1683407453,0.00618303112033195,14.04528672307054,1.0,0.005960453278008299,0.017695121535269708,241,Structural shift
XS1685702794,0.018237287157894737,18.36554702505263,1.0,0.026755597421052633,0.07956899521052632,190,Structural shift
XS1691349523,0.0016480486974789917,5.533498633403361,1.0,0.0027175930672268906,0.007080620714285714,238,Structural shift
XS1762980065,0.000727505980861244,1.9327877131100477,1.0,0.0008795718181818182,0.002676426842105263,209,Structural shift
XS1791485011,0.0005229381481481482,4.908553562633745,1.0,0.002141129465020576,0.006361908353909465,243,Structural shift
XS1909184753,0.004252590726495726,19.273231884444446,1.0,0.00909512641025641,0.023198545555555554,234,Structural shift
XS2010038144,0.00042097652631578944,4.399943402526316,1.0,0.0020393694736842104,0.004615044842105263,95,Structural shift
XS2018638648,0.006863193350253807,27.444751050507612,1.0,0.015509998020304568,0.04560634340101523,197,Structural shift
XS2028846363,0.0030634021495327102,15.055656303738317,1.0,0.007110963177570094,0.02994927425233645,214,Structural shift
XS2055106137,0.0008417287790697674,5.481800207209302,1.0,0.0025557557558139534,0.006257358953488372,172,Structural shift
XS2060691719,0.0030823240251572326,4.743166410817611,1.0,0.002287551572327044,0.009288882264150942,159,Structural shift
XS2079716853,0.00022003973214285714,2.352687264285714,1.0,0.0011084997321428572,0.003298008035714286,112,Structural shift
XS2092381107,0.00563927761061947,20.220671327433628,1.0,0.010716726017699116,0.038527451415929205,113,Structural shift
XS2105095777,0.0005505643243243244,5.200136776756757,1.0,0.0023908855405405404,0.0070785947297297295,74,Structural shift
XS2111230285,0.002042666515151515,11.688636643636364,1.0,0.006047644696969697,0.016631687424242425,66,Structural shift
XS2114234714,0.006707045072463768,24.692252930434783,1.0,0.015591698840579711,0.039804510724637684,69,Structural shift
XS2121408996,0.007995246444444444,42.71584544177778,1.0,0.027621169777777777,0.08011927155555557,45,Structural shift
